card_id,note_excerpt,draft_note
agriculture__water_scarcity__drought__001,"Drought as a causal pathway for water scarcity in semi-arid Deccan agriculture should be confirmed by at least two of the three primary signals: persistent severe or moderate drought weeks (sig_01), extended dry spells (sig_02), or composit","Pathway drought confirmation policy (auto-generated summary). Confirm when at least 2 of the primary signals co-occur: sig_01 (drought_weeks_severe, drought_weeks_moderate), sig_02 (dry_spell_weeks), sig_03 (drought_causality). Amplifying signals (do not alone confirm): sig_05 (monsoon_onset_date)."
agriculture__water_scarcity__drought__002,"Meteorological and agricultural drought in semi-arid hard rock plateau settings should be confirmed by at least two primary signals: elevated drought_weeks_severe or dry_spell_weeks, and a composite drought_causality_json showing co-occurri","Pathway drought confirmation policy (auto-generated summary). Confirm when at least 2 of the primary signals co-occur: sig_01 (drought_weeks_severe, drought_weeks_moderate), sig_02 (dry_spell_weeks), sig_03 (drought_causality). Amplifying signals (do not alone confirm): sig_05 (monsoon_onset_date)."
agriculture__water_scarcity__drought__003,"Drought-driven water scarcity in the AER-9 sub-humid alluvial plains should be confirmed by at least two independent signals: (1) elevated drought_weeks_severe or dry_spell_weeks indicating intra-seasonal moisture deficit, and (2) SPI/VCI/M","Pathway drought confirmation policy (auto-generated summary). Confirm when at least 2 of the primary signals co-occur: sig_01 (drought_weeks_severe, drought_weeks_moderate), sig_02 (drought_causality), sig_03 (dry_spell_weeks), sig_04 (seasonal_precipitation_mm, precipitation_mm). Amplifying signals (do not alone confirm): sig_05 (monsoon_onset_date)."
agriculture__water_scarcity__drought__004,"Diagnosis of the drought causal pathway in arid and semi-arid alluvial plains (AER-2, AER-4) should be confirmed by at least two of the three primary signals: persistent severe/moderate drought weeks (sig_01), extended dry spells (sig_02), ","Pathway drought confirmation policy (auto-generated summary). Confirm when at least 2 of the primary signals co-occur: sig_01 (drought_weeks_severe, drought_weeks_moderate), sig_02 (dry_spell_weeks), sig_03 (drought_causality). Amplifying signals (do not alone confirm): sig_05 (monsoon_onset_date)."
agriculture__water_scarcity__drought__008,"Drought-driven water scarcity in the sub-humid Eastern Plateau (AER-11) should be confirmed by at least two of the three primary signals: elevated drought week counts (sig_01), prolonged dry spells (sig_02), or composite SPI-MAI-VCI drought","Pathway drought confirmation policy (auto-generated summary). Confirm when at least 2 of the primary signals co-occur: sig_01 (drought_weeks_severe, drought_weeks_moderate), sig_02 (dry_spell_weeks), sig_03 (drought_causality). Amplifying signals (do not alone confirm): sig_05 (monsoon_onset_date)."
agriculture__water_scarcity__drought__010,"In the humid and perhumid alluvial plains of AER-15 (West Bengal, Assam, eastern Bihar), water scarcity from drought is a paradoxical but real phenomenon: high mean annual rainfall masks significant inter-annual and intra-seasonal variabili","Pathway drought confirmation policy (auto-generated summary). Confirm when at least 2 of the primary signals co-occur: sig_01 (drought_weeks_severe, drought_weeks_moderate), sig_02 (dry_spell_weeks), sig_03 (drought_causality), sig_04 (monsoon_onset_date, seasonal_precipitation_mm). Amplifying signals (do not alone confirm): sig_05 (precipitation_mm)."
agriculture__water_scarcity__drought__011,"Drought diagnosis in sub-humid hilly terrain (AER-14: Himachal Pradesh, Uttarakhand, Jammu division) requires confirmation from at least two independent signal types: (1) direct drought intensity metrics (sig_01: severe/moderate drought wee","Pathway drought confirmation policy (auto-generated summary). Confirm when at least 2 of the primary signals co-occur: sig_01 (drought_weeks_severe, drought_weeks_moderate), sig_02 (dry_spell_weeks), sig_03 (drought_causality), sig_04 (seasonal_precipitation_mm, precipitation_mm). Amplifying signals (do not alone confirm): sig_05 (monsoon_onset_date)."
agriculture__water_scarcity__drought__013,"In the perhumid North-Eastern Hills (AER-17), absolute annual drought is rare given 2000–12000 mm of rainfall, but intra-seasonal dry spells and delayed monsoon onset can cause significant crop water stress. Diagnosis should require at leas","Pathway drought confirmation policy (auto-generated summary). Confirm when at least 2 of the primary signals co-occur: sig_01 (drought_weeks_severe, drought_weeks_moderate), sig_02 (dry_spell_weeks), sig_03 (drought_causality). Amplifying signals (do not alone confirm): sig_05 (monsoon_onset_date)."
agriculture__water_scarcity__drought__014,"Diagnosis of the drought pathway in AER-5 semi-arid hard rock terrain requires confirmation from at least two independent signals: (1) a direct drought intensity measure (sig_01: severe/moderate drought weeks, or sig_05: SPI+VCI composite),","Pathway drought confirmation policy (auto-generated summary). Confirm when at least 2 of the primary signals co-occur: sig_01 (drought_weeks_severe, drought_weeks_moderate), sig_05 (drought_causality), sig_02 (dry_spell_weeks), sig_03 (precipitation_mm, seasonal_precipitation_mm). Amplifying signals (do not alone confirm): sig_04 (monsoon_onset_date)."
agriculture__water_scarcity__drought__015,"In the humid and perhumid West Coast zone (AER-19), drought is paradoxical — annual rainfall is among the highest in India (2000–5000 mm) yet intra-seasonal dry spells and delayed monsoon onset can cause acute crop water stress. Diagnosis s","Pathway drought confirmation policy (auto-generated summary). Confirm when at least 2 of the primary signals co-occur: sig_01 (drought_weeks_severe, drought_weeks_moderate), sig_02 (dry_spell_weeks), sig_03 (drought_causality), sig_04 (seasonal_precipitation_mm, precipitation_mm). Amplifying signals (do not alone confirm): sig_05 (monsoon_onset_date)."
agriculture__water_scarcity__drought__016,"Drought confirmation in the Ladakh cold arid context requires at least two converging signals: (1) a quantitative drought week count (sig_01) or dry spell count (sig_02) confirming within-season stress, AND (2) either a precipitation defici","Pathway drought confirmation policy (auto-generated summary). Confirm when at least 2 of the primary signals co-occur: sig_01 (drought_weeks_severe, drought_weeks_moderate), sig_02 (dry_spell_weeks), sig_03 (precipitation_mm, seasonal_precipitation_mm), sig_05 (drought_causality). Amplifying signals (do not alone confirm): sig_04 (monsoon_onset_date)."
agriculture__water_scarcity__drought__017,"For island ecoregions (AER-20: Andaman & Nicobar, Lakshadweep), drought diagnosis requires at least two confirming signals from: (1) severe or moderate drought weeks exceeding thresholds, (2) prolonged dry spell weeks, or (3) composite SPI/","Pathway drought confirmation policy (auto-generated summary). Confirm when at least 2 of the primary signals co-occur: sig_01 (drought_weeks_severe, drought_weeks_moderate), sig_02 (dry_spell_weeks), sig_03 (drought_causality), sig_04 (seasonal_precipitation_mm, precipitation_mm). Amplifying signals (do not alone confirm): sig_05 (monsoon_onset_date)."
agriculture__water_scarcity__groundwater_stress__001,"Groundwater stress in hard rock aquifers of the Deccan Plateau should be confirmed by at least two of the three primary signals: elevated SOGE (sig_01), chronic negative delta_g trend (sig_02), or farmer-reported well deepening (sig_05). Ha","Pathway groundwater_stress confirmation policy (auto-generated summary). Confirm when at least 2 of the primary signals co-occur: sig_01 (soge_dev_percent, soge_class_name), sig_02 (trend_annual_delta_g_mm, delta_g_mm), sig_05 (annual_well_depth_m). Amplifying signals (do not alone confirm): sig_03 (aquifer_class, aquifer_lithology_percent), sig_04 (nrega_swc_count). Follow-up variables for field "
agriculture__water_scarcity__groundwater_stress__002,"Groundwater stress in hard rock crystalline basement aquifers of the Deccan Plateau and Eastern Ghats should be confirmed by at least two primary signals: elevated SOGE (sig_01), chronic negative groundwater balance trend (sig_02), or farme","Pathway groundwater_stress confirmation policy (auto-generated summary). Confirm when at least 2 of the primary signals co-occur: sig_01 (soge_dev_percent, soge_class_name), sig_02 (trend_annual_delta_g_mm, delta_g_mm), sig_05 (annual_well_depth_m). Amplifying signals (do not alone confirm): sig_03 (aquifer_class, aquifer_lithology_percent), sig_04 (nrega_swc_count). Follow-up variables for field "
agriculture__water_scarcity__groundwater_stress__003,"Groundwater stress in Indo-Gangetic alluvial aquifers should be confirmed by at least two of the three primary signals: elevated SOGE (>90% or Critical/Over-exploited classification), chronic negative delta_g trend, and farmer-reported bore","Pathway groundwater_stress confirmation policy (auto-generated summary). Confirm when at least 2 of the primary signals co-occur: sig_01 (soge_dev_percent, soge_class_name), sig_02 (trend_annual_delta_g_mm, delta_g_mm), sig_05 (annual_well_depth_m). Amplifying signals (do not alone confirm): sig_04 (nrega_swc_count). Follow-up variables for field evidence: annual_well_depth_m, borewell_density, gr"
agriculture__water_scarcity__groundwater_stress__004,Groundwater stress in arid alluvial aquifers should be confirmed by at least two primary signals: elevated SOGE classification (Critical/Over-exploited) and a sustained negative trend in annual delta_g. The alluvial aquifer context (sig_03),"Pathway groundwater_stress confirmation policy (auto-generated summary). Confirm when at least 2 of the primary signals co-occur: sig_01 (soge_dev_percent, soge_class_name), sig_02 (trend_annual_delta_g_mm, delta_g_mm), sig_05 (annual_well_depth_m), sig_06 (borewell_density), sig_07 (groundwater_salinity). Amplifying signals (do not alone confirm): sig_03 (aquifer_class, aquifer_lithology_percent)"
agriculture__water_scarcity__groundwater_stress__005,"Groundwater stress in sub-humid semi-consolidated aquifers of AER-10 (Bundelkhand, Malwa) should be confirmed by at least two primary signals: elevated SOGE classification, chronic negative delta_g trend, or farmer-reported well deepening. ","Pathway groundwater_stress confirmation policy (auto-generated summary). Confirm when at least 2 of the primary signals co-occur: sig_01 (soge_dev_percent, soge_class_name), sig_02 (trend_annual_delta_g_mm, delta_g_mm), sig_05 (annual_well_depth_m), sig_06 (borewell_density), sig_07 (groundwater_salinity). Amplifying signals (do not alone confirm): sig_03 (aquifer_class, aquifer_lithology_percent)"
agriculture__water_scarcity__groundwater_stress__006,"Groundwater stress in coastal alluvial aquifers (AER-18) should be confirmed by at least two primary signals: elevated SOGE classification, chronic negative delta_g trend, or farmer-reported well deepening. The alluvial aquifer context dist","Pathway groundwater_stress confirmation policy (auto-generated summary). Confirm when at least 2 of the primary signals co-occur: sig_01 (soge_dev_percent, soge_class_name), sig_02 (trend_annual_delta_g_mm, delta_g_mm), sig_05 (annual_well_depth_m), sig_06 (borewell_density), sig_07 (groundwater_salinity). Amplifying signals (do not alone confirm): sig_03 (aquifer_class, aquifer_lithology_percent)"
agriculture__water_scarcity__groundwater_stress__007,"Groundwater stress in the Chhota Nagpur crystalline basement context should be confirmed by at least two of the three primary signals: elevated SOGE (sig_01), chronic negative delta_g trend (sig_02), or farmer-reported well deepening (sig_0","Pathway groundwater_stress confirmation policy (auto-generated summary). Confirm when at least 2 of the primary signals co-occur: sig_01 (soge_dev_percent, soge_class_name), sig_02 (trend_annual_delta_g_mm, delta_g_mm), sig_05 (annual_well_depth_m). Amplifying signals (do not alone confirm): sig_03 (aquifer_class, aquifer_lithology_percent), sig_04 (nrega_swc_count). Follow-up variables for field "
agriculture__water_scarcity__groundwater_stress__008,"Groundwater stress in the crystalline basement aquifers of AER-11 (Eastern Plateau) should be confirmed by at least two of the three primary signals: elevated SOGE classification (sig_01), chronic negative delta_g trend (sig_02), or farmer-","Pathway groundwater_stress confirmation policy (auto-generated summary). Confirm when at least 2 of the primary signals co-occur: sig_01 (soge_dev_percent, soge_class_name), sig_02 (trend_annual_delta_g_mm, delta_g_mm), sig_05 (annual_well_depth_m). Amplifying signals (do not alone confirm): sig_03 (aquifer_class, aquifer_lithology_percent), sig_04 (nrega_swc_count). Follow-up variables for field "
agriculture__water_scarcity__groundwater_stress__009,"Groundwater stress in alluvial aquifers of the eastern Indo-Gangetic Plain differs fundamentally from hard-rock peninsular contexts: depletion is gradual and cumulative rather than seasonal, and the high recharge potential of alluvium means","Pathway groundwater_stress confirmation policy (auto-generated summary). Confirm when at least 2 of the primary signals co-occur: sig_01 (soge_dev_percent, soge_class_name), sig_02 (trend_annual_delta_g_mm, delta_g_mm), sig_05 (annual_well_depth_m). Amplifying signals (do not alone confirm): sig_04 (nrega_swc_count). Follow-up variables for field evidence: annual_well_depth_m, borewell_density, gr"
agriculture__water_scarcity__groundwater_stress__010,Groundwater stress in humid alluvial plains (AER-15: Bengal and Assam Plains) presents differently from semi-arid hard rock contexts. High annual rainfall (1600–3000 mm) means that a negative groundwater balance is a strong signal of over-e,"Pathway groundwater_stress confirmation policy (auto-generated summary). Confirm when at least 2 of the primary signals co-occur: sig_01 (soge_dev_percent, soge_class_name), sig_02 (trend_annual_delta_g_mm, delta_g_mm), sig_05 (annual_well_depth_m). Amplifying signals (do not alone confirm): sig_04 (nrega_swc_count). Follow-up variables for field evidence: annual_well_depth_m, borewell_density, gr"
agriculture__water_scarcity__groundwater_stress__011,"Groundwater stress in the sub-humid hilly terrain of AER-14 (Himachal Pradesh, Uttarakhand, Jammu division) should be confirmed by at least two of the three primary signals: elevated SOGE classification (sig_01), chronic negative delta_g tr","Pathway groundwater_stress confirmation policy (auto-generated summary). Confirm when at least 2 of the primary signals co-occur: sig_01 (soge_dev_percent, soge_class_name), sig_02 (trend_annual_delta_g_mm, delta_g_mm), sig_05 (annual_well_depth_m). Amplifying signals (do not alone confirm): sig_03 (aquifer_class, aquifer_lithology_percent), sig_04 (nrega_swc_count). Follow-up variables for field "
agriculture__water_scarcity__groundwater_stress__012,"In the perhumid Eastern Himalayan hill states, groundwater stress is paradoxical — very high annual rainfall (2000–5000 mm) coexists with seasonal water scarcity because steep terrain drives rapid surface runoff, limiting infiltration into ","Pathway groundwater_stress confirmation policy (auto-generated summary). Confirm when at least 2 of the primary signals co-occur: sig_01 (aquifer_class, aquifer_lithology_percent), sig_02 (soge_dev_percent, soge_class_name), sig_03 (trend_annual_delta_g_mm, delta_g_mm), sig_05 (annual_well_depth_m), sig_06 (borewell_density), sig_07 (groundwater_salinity). Amplifying signals (do not alone confirm)"
agriculture__water_scarcity__groundwater_stress__013,"Groundwater stress in the perhumid North-Eastern Hills is paradoxical given very high annual rainfall, and requires at least two confirming signals before diagnosis is finalised. The primary mechanism is not rainfall deficit but rather rapi","Pathway groundwater_stress confirmation policy (auto-generated summary). Confirm when at least 2 of the primary signals co-occur: sig_01 (soge_dev_percent, soge_class_name), sig_02 (trend_annual_delta_g_mm, delta_g_mm). Amplifying signals (do not alone confirm): sig_03 (aquifer_class, aquifer_lithology_percent), sig_04 (nrega_swc_count). Follow-up variables for field evidence: annual_well_depth_m,"
agriculture__water_scarcity__groundwater_stress__014,"Groundwater stress in the volcanic hard-rock aquifers of Malwa and Gujarat should be confirmed by at least two primary signals: elevated SOGE classification, chronic negative delta_g trend, or farmer-reported well deepening. The volcanic aq","Pathway groundwater_stress confirmation policy (auto-generated summary). Confirm when at least 2 of the primary signals co-occur: sig_01 (soge_dev_percent, soge_class_name), sig_02 (trend_annual_delta_g_mm, delta_g_mm), sig_05 (annual_well_depth_m), sig_06 (borewell_density), sig_07 (groundwater_salinity). Amplifying signals (do not alone confirm): sig_03 (aquifer_class, aquifer_lithology_percent)"
agriculture__water_scarcity__groundwater_stress__015,Groundwater stress in humid and perhumid alluvial aquifer zones presents a diagnostic paradox: high annual rainfall coexists with seasonal water scarcity because monsoon runoff is rapid and dry-season recharge is negligible. Confirmation re,"Pathway groundwater_stress confirmation policy (auto-generated summary). Confirm when at least 2 of the primary signals co-occur: sig_01 (soge_dev_percent, soge_class_name), sig_02 (trend_annual_delta_g_mm, delta_g_mm), sig_05 (annual_well_depth_m). Amplifying signals (do not alone confirm): sig_04 (nrega_swc_count). Follow-up variables for field evidence: annual_well_depth_m, borewell_density, gr"
agriculture__water_scarcity__groundwater_stress__016,"Groundwater stress in the cold arid Himalayan context (Ladakh, AER-1) is structurally different from peninsular hard rock depletion: the primary driver is not over-extraction per se but the combination of extremely low natural recharge (<15","Pathway groundwater_stress confirmation policy (auto-generated summary). Confirm when at least 2 of the primary signals co-occur: sig_01 (aquifer_class, aquifer_lithology_percent), sig_02 (delta_g_mm, trend_annual_delta_g_mm), sig_03 (soge_dev_percent, soge_class_name), sig_05 (annual_well_depth_m), sig_06 (borewell_density), sig_07 (groundwater_salinity). Amplifying signals (do not alone confirm)"
agriculture__water_scarcity__groundwater_stress__017,"Groundwater stress in humid and perhumid island settings (AER-20) presents differently from mainland semi-arid contexts. Despite high annual rainfall (1600–3000 mm), the freshwater resource is structurally limited by small island area, thin","Pathway groundwater_stress confirmation policy (auto-generated summary). Confirm when at least 2 of the primary signals co-occur: sig_01 (soge_dev_percent, soge_class_name), sig_03 (trend_annual_delta_g_mm, delta_g_mm), sig_05 (borewell_density), sig_06 (groundwater_salinity), sig_07 (annual_well_depth_m). Amplifying signals (do not alone confirm): sig_02 (aquifer_class, aquifer_lithology_percent)"
agriculture__water_scarcity__irrigation_challenges__001,"Irrigation infrastructure failure in semi-arid Deccan Plateau MWSs should be confirmed by at least two of the three primary signals: declining SWB area trend with low SWB count (sig_01), rapid post-monsoon drying of surface water bodies (si","Pathway irrigation_challenges confirmation policy (auto-generated summary). Confirm when at least 2 of the primary signals co-occur: sig_01 (swb_total_area_ha, swb_count), sig_02 (swb_kharif_area_ha). Amplifying signals (do not alone confirm): sig_03 (nrega_swc_count), sig_04 (river_name), sig_05 (dist_cooperative_km, well_depth_m). Follow-up variables for field evidence: annual_well_depth_m."
agriculture__water_scarcity__irrigation_challenges__002,"Irrigation infrastructure failure in semi-arid hard rock plateau contexts is confirmed when at least two of the primary signals align: declining SWB area trend (sig_01), rapid post-monsoon drying of water bodies (sig_02), and low MGNREGA in","Pathway irrigation_challenges confirmation policy (auto-generated summary). Confirm when at least 2 of the primary signals co-occur: sig_01 (swb_total_area_ha, swb_count), sig_02 (swb_kharif_area_ha). Amplifying signals (do not alone confirm): sig_03 (nrega_swc_count), sig_04 (river_name, dist_cooperative_km), sig_05 (annual_well_depth_m). Follow-up variables for field evidence: annual_well_depth_"
agriculture__water_scarcity__irrigation_challenges__003,"Irrigation infrastructure failure in the sub-humid alluvial plains is confirmed when at least two of the three primary signals are present: declining SWB area trend with low water body count (sig_01), rapid post-monsoon drying of water bodi","Pathway irrigation_challenges confirmation policy (auto-generated summary). Confirm when at least 2 of the primary signals co-occur: sig_01 (swb_total_area_ha, swb_count), sig_02 (swb_kharif_area_ha). Amplifying signals (do not alone confirm): sig_03 (nrega_swc_count), sig_04 (dist_cooperative_km). Follow-up variables for field evidence: annual_well_depth_m."
agriculture__water_scarcity__irrigation_challenges__005,"Irrigation infrastructure failure in sub-humid plateau contexts like Bundelkhand and Malwa is best confirmed by the convergence of declining SWB area trend, low rabi-to-kharif SWB persistence, and low MGNREGA SWC investment. A single signal","Pathway irrigation_challenges confirmation policy (auto-generated summary). Confirm when at least 2 of the primary signals co-occur: sig_01 (swb_total_area_ha, swb_count), sig_02 (swb_kharif_area_ha), sig_06 (annual_well_depth_m). Amplifying signals (do not alone confirm): sig_03 (nrega_swc_count), sig_04 (river_name), sig_05 (dist_cooperative_km). Follow-up variables for field evidence: annual_we"
agriculture__water_scarcity__irrigation_challenges__007,Irrigation infrastructure failure in the Chhota Nagpur Plateau (AER-12) is primarily a surface water storage problem. The region receives 1200–1600 mm of rainfall but almost entirely in the kharif season; rabi and zaid irrigation depend on ,"Pathway irrigation_challenges confirmation policy (auto-generated summary). Confirm when at least 2 of the primary signals co-occur: sig_01 (swb_total_area_ha, swb_count), sig_02 (swb_kharif_area_ha), sig_05 (annual_well_depth_m). Amplifying signals (do not alone confirm): sig_03 (nrega_swc_count), sig_04 (river_name, dist_cooperative_km). Follow-up variables for field evidence: annual_well_depth_"
agriculture__water_scarcity__irrigation_challenges__008,"Diagnosis of irrigation infrastructure failure in AER-11 sub-humid hard-rock plateau terrain should be anchored by at least two of the three primary signals: declining SWB area trend (sig_01), low rabi/kharif SWB ratio (sig_02), or very low","Pathway irrigation_challenges confirmation policy (auto-generated summary). Confirm when at least 2 of the primary signals co-occur: sig_01 (swb_total_area_ha, trend_swb_total_area_ha), sig_02 (swb_kharif_area_ha, mean_swb_rabi_kharif_ratio), sig_04 (swb_count, dist_cooperative_km). Amplifying signals (do not alone confirm): sig_03 (nrega_swc_count). Follow-up variables for field evidence: annual_"
agriculture__water_scarcity__irrigation_challenges__009,Irrigation infrastructure failure in the alluvial eastern plains is most strongly confirmed when SWB area is declining (sig_01) and surface water bodies dry out rapidly after the monsoon (sig_02). These two signals together indicate that ex,"Pathway irrigation_challenges confirmation policy (auto-generated summary). Confirm when at least 2 of the primary signals co-occur: sig_01 (swb_total_area_ha, swb_count), sig_02 (swb_kharif_area_ha). Amplifying signals (do not alone confirm): sig_03 (nrega_swc_count), sig_04 (river_name, dist_cooperative_km), sig_05 (annual_well_depth_m). Follow-up variables for field evidence: annual_well_depth_"
agriculture__water_scarcity__irrigation_challenges__010,"In the humid alluvial plains of AER-15 (Bengal, Assam, eastern Bihar), irrigation challenges arise not from rainfall deficit but from the failure of surface storage infrastructure to carry water through the dry rabi and zaid seasons. Diagno","Pathway irrigation_challenges confirmation policy (auto-generated summary). Confirm when at least 2 of the primary signals co-occur: sig_01 (swb_total_area_ha, swb_count), sig_02 (swb_kharif_area_ha). Amplifying signals (do not alone confirm): sig_03 (nrega_swc_count), sig_04 (river_name, dist_cooperative_km). Follow-up variables for field evidence: annual_well_depth_m."
agriculture__water_scarcity__irrigation_challenges__011,"Diagnosis of irrigation infrastructure failure in sub-humid hilly terrain (AER-14) should be confirmed by at least two primary signals: declining SWB area trend (sig_01), rapid post-monsoon drying of water bodies (sig_02), or very low NREGA","Pathway irrigation_challenges confirmation policy (auto-generated summary). Confirm when at least 2 of the primary signals co-occur: sig_01 (swb_total_area_ha, swb_count), sig_02 (swb_kharif_area_ha). Amplifying signals (do not alone confirm): sig_03 (nrega_swc_count), sig_04 (river_name), sig_05 (dist_cooperative_km). Follow-up variables for field evidence: annual_well_depth_m."
agriculture__water_scarcity__irrigation_challenges__015,"In humid and perhumid coastal zones (AER-19: Kerala, Konkan, Goa), water scarcity for rabi and zaid crops is paradoxical given high annual rainfall (2000–5000 mm) but is explained by the concentration of rainfall in the June–September monso","Pathway irrigation_challenges confirmation policy (auto-generated summary). Confirm when at least 2 of the primary signals co-occur: sig_01 (swb_total_area_ha, swb_count), sig_02 (swb_kharif_area_ha). Amplifying signals (do not alone confirm): sig_03 (nrega_swc_count), sig_04 (river_name, dist_cooperative_km). Follow-up variables for field evidence: annual_well_depth_m."
agriculture__water_scarcity__irrigation_challenges__016,"In the cold arid Ladakh context (AER-1), irrigation water scarcity is primarily driven by the near-total absence of rainfall (< 150 mm/year) and dependence on glacial snowmelt and limited surface storage. The irrigation_challenges pathway i","Pathway irrigation_challenges confirmation policy (auto-generated summary). Confirm when at least 2 of the primary signals co-occur: sig_01 (swb_total_area_ha, swb_count), sig_02 (swb_total_area_ha, swb_kharif_area_ha), sig_04 (river_name). Amplifying signals (do not alone confirm): sig_03 (nrega_swc_count), sig_05 (annual_well_depth_m). Follow-up variables for field evidence: annual_well_depth_m."
agriculture__water_scarcity__irrigation_challenges__017,"In humid to perhumid island contexts (AER-20), water scarcity through irrigation challenges is paradoxical given high annual rainfall (1600–3000 mm) but is explained by the mismatch between monsoon-concentrated precipitation and year-round ","Pathway irrigation_challenges confirmation policy (auto-generated summary). Confirm when at least 2 of the primary signals co-occur: sig_01 (swb_total_area_ha, swb_count), sig_02 (swb_kharif_area_ha). Amplifying signals (do not alone confirm): sig_03 (nrega_swc_count), sig_04 (dist_cooperative_km, river_name). Follow-up variables for field evidence: annual_well_depth_m."
agriculture__water_scarcity__rainfed_risk__001,"Diagnosis of rainfed risk should be confirmed by at least two of the three primary structural signals: dominance of single kharif cropping (sig_01), persistently low cropping intensity (sig_02), and absence of canal or MGNREGA irrigation in","Pathway rainfed_risk confirmation policy (auto-generated summary). Confirm when at least 2 of the primary signals co-occur: sig_01 (lulc_single_kharif_ha, lulc_double_crop_ha), sig_02 (cropping_intensity), sig_03 (canal_name, nrega_irrigation_count). Amplifying signals (do not alone confirm): sig_04 (runoff_mm, terrain_cluster_id). Follow-up variables for field evidence: irrigated_area_ha."
agriculture__water_scarcity__rainfed_risk__003,"Diagnosis of rainfed risk in the sub-humid northern plains (AER-9) should be confirmed by at least two of the three primary signals: high single-kharif area share (sig_01), low mean cropping intensity (sig_02), and absence of canal plus low","Pathway rainfed_risk confirmation policy (auto-generated summary). Confirm when at least 2 of the primary signals co-occur: sig_01 (lulc_single_kharif_ha, lulc_double_crop_ha), sig_02 (cropping_intensity), sig_03 (canal_name, nrega_irrigation_count). Amplifying signals (do not alone confirm): sig_04 (runoff_mm, terrain_cluster_id), sig_05 (swb_rabi_area_ha). Follow-up variables for field evidence:"
agriculture__water_scarcity__rainfed_risk__004,"Diagnosis of rainfed risk in arid and semi-arid alluvial plains (AER-2, AER-4) should be confirmed by at least two of the three primary structural signals: dominant single kharif land use ratio (sig_01), persistently low mean cropping inten","Pathway rainfed_risk confirmation policy (auto-generated summary). Confirm when at least 2 of the primary signals co-occur: sig_01 (lulc_single_kharif_ha, lulc_double_crop_ha), sig_02 (cropping_intensity), sig_03 (canal_name, nrega_irrigation_count). Amplifying signals (do not alone confirm): sig_04 (runoff_mm, terrain_cluster_id). Follow-up variables for field evidence: irrigated_area_ha."
agriculture__water_scarcity__rainfed_risk__006,"Diagnosis of rainfed risk in coastal sub-humid plains (AER-18) should be confirmed by at least two primary signals: dominant single-kharif cropping share (sig_01), persistently low cropping intensity (sig_02), and absence of surface water p","Pathway rainfed_risk confirmation policy (auto-generated summary). Confirm when at least 2 of the primary signals co-occur: sig_01 (lulc_single_kharif_ha, lulc_double_crop_ha), sig_02 (cropping_intensity), sig_03 (swb_rabi_area_ha, canal_name). Amplifying signals (do not alone confirm): sig_04 (runoff_mm, terrain_cluster_id), sig_05 (nrega_irrigation_count). Follow-up variables for field evidence:"
agriculture__water_scarcity__rainfed_risk__007,Diagnosis of rainfed risk in AER-12 (Chhota Nagpur Plateau and Eastern Ghats) should be confirmed by at least three of the five signals. The two primary structural signals are sig_01 (single-kharif dominance >75%) and sig_02 (mean cropping ,"Pathway rainfed_risk confirmation policy (auto-generated summary). Confirm when at least 2 of the primary signals co-occur: sig_01 (lulc_single_kharif_ha, lulc_double_crop_ha), sig_02 (cropping_intensity), sig_04 (canal_name, nrega_irrigation_count). Amplifying signals (do not alone confirm): sig_03 (runoff_mm, terrain_cluster_id). Follow-up variables for field evidence: irrigated_area_ha."
agriculture__water_scarcity__rainfed_risk__009,"Diagnosis of rainfed risk in the eastern Indo-Gangetic plains (AER-13) should be confirmed by at least two of the three primary signals: high single-kharif area ratio (sig_01), low mean cropping intensity (sig_02), and absence of canal plus","Pathway rainfed_risk confirmation policy (auto-generated summary). Confirm when at least 2 of the primary signals co-occur: sig_01 (lulc_single_kharif_ha, lulc_double_crop_ha), sig_02 (cropping_intensity), sig_03 (canal_name, nrega_irrigation_count). Amplifying signals (do not alone confirm): sig_04 (runoff_mm, terrain_cluster_id). Follow-up variables for field evidence: irrigated_area_ha."
agriculture__water_scarcity__rainfed_risk__010,"In the Bengal and Assam Plains (AER-15), paradoxically high rainfall (1600–3000 mm) does not preclude water scarcity for rabi and zaid crops or during intra-seasonal dry spells. The rainfed risk pathway is confirmed when structural absence ","Pathway rainfed_risk confirmation policy (auto-generated summary). Confirm when at least 2 of the primary signals co-occur: sig_01 (lulc_single_kharif_ha, lulc_double_crop_ha), sig_02 (cropping_intensity), sig_03 (canal_name, nrega_irrigation_count). Amplifying signals (do not alone confirm): sig_04 (runoff_mm, terrain_cluster_id). Follow-up variables for field evidence: irrigated_area_ha."
ntfp_forest_biodiversity__ntfp_decline__encroachment__001,Diagnosis of encroachment as the primary driver of NTFP decline should be confirmed by at least sig_01 (forest-to-farm conversion trend) plus one of sig_03 or sig_04. sig_02 (urbanization) alone is insufficient to confirm encroachment but s,"Pathway encroachment confirmation policy (auto-generated summary). Confirm when at least 2 of the primary signals co-occur: sig_01 (cd_forest_to_farm_ha), sig_03 (village_st_percent), sig_04 (cd_forest_to_farm_ha, village_st_percent). Required: sig_01 (cd_forest_to_farm_ha) must be TRUE. Additionally require at least one group: sig_03 (village_st_percent); OR sig_04 (cd_forest_to_farm_ha, village_"
ntfp_forest_biodiversity__ntfp_decline__encroachment__002,Diagnosis of encroachment as the primary driver of NTFP decline should be confirmed by at least two signals: a positive trend in cd_forest_to_farm_ha (sig_01) is the strongest single indicator and should be present. Settlement expansion (si,"Pathway encroachment confirmation policy (auto-generated summary). Confirm when at least 2 of the primary signals co-occur: sig_01 (cd_forest_to_farm_ha), sig_03 (village_st_percent), sig_04 (cd_forest_to_farm_ha, cd_urbanization_ha). Follow-up variables for field evidence: fra_claims_filed_count, ntfp_collection_trend_qualitative."
ntfp_forest_biodiversity__ntfp_decline__encroachment__003,Diagnosis of the encroachment pathway for NTFP decline in the sub-humid plains of AER-9 should be anchored on sig_01 (forest-to-farm conversion trend) as the primary confirmatory signal. The composite signal sig_05 provides the highest diag,"Pathway encroachment confirmation policy (auto-generated summary). Confirm when at least 2 of the primary signals co-occur: sig_01 (cd_forest_to_farm_ha), sig_02 (cd_forest_to_farm_ha), sig_05 (cd_forest_to_farm_ha, village_st_percent). Amplifying signals (do not alone confirm): sig_03 (cd_urbanization_ha), sig_04 (village_st_percent). Follow-up variables for field evidence: ntfp_collection_trend_"
ntfp_forest_biodiversity__ntfp_decline__encroachment__004,Diagnosis of encroachment-driven NTFP decline in arid and semi-arid zones should be anchored by sig_01 (forest-to-farm conversion trend) as the primary confirmatory signal. Sig_02 (urbanization expansion) and sig_04 (composite dual pressure,"Pathway encroachment confirmation policy (auto-generated summary). Confirm when at least 2 of the primary signals co-occur: sig_01 (cd_forest_to_farm_ha), sig_02 (cd_urbanization_ha), sig_04 (cd_forest_to_farm_ha, cd_urbanization_ha). Amplifying signals (do not alone confirm): sig_03 (village_st_percent). Follow-up variables for field evidence: fra_claims_filed_count, ntfp_collection_trend_qualita"
ntfp_forest_biodiversity__ntfp_decline__encroachment__005,"Diagnosis of encroachment as the driver of NTFP decline in AER-10 (Malwa, Bundelkhand) should be anchored on measurable forest-to-farm conversion (sig_01) as the primary confirmatory signal. High ST population share (sig_03) contextualizes ","Pathway encroachment confirmation policy (auto-generated summary). Confirm when at least one of the primary signals is TRUE: sig_01 (cd_forest_to_farm_ha), sig_04 (cd_forest_to_farm_ha, village_st_percent). Amplifying signals (do not alone confirm): sig_02 (cd_urbanization_ha). Follow-up variables for field evidence: fra_claims_filed_count, ntfp_collection_trend_qualitative."
ntfp_forest_biodiversity__ntfp_decline__encroachment__006,Diagnosis of encroachment as the primary driver of NTFP decline should be confirmed by at least sig_01 (forest-to-farm conversion trend) supported by either sig_02 (settlement expansion) or sig_03 (high ST population with access implication,"Pathway encroachment confirmation policy (auto-generated summary). Confirm when at least 2 of the primary signals co-occur: sig_01 (cd_forest_to_farm_ha), sig_02 (cd_urbanization_ha), sig_04 (cd_forest_to_farm_ha, cd_urbanization_ha). Amplifying signals (do not alone confirm): sig_03 (village_st_percent). Follow-up variables for field evidence: fra_claims_filed_count, ntfp_collection_trend_qualita"
ntfp_forest_biodiversity__ntfp_decline__encroachment__007,"Diagnosis of encroachment as the primary driver of NTFP decline should be confirmed by at least two of the three primary signals: measurable forest-to-farm conversion (sig_01), settlement expansion into forest margins (sig_02), or the compo","Pathway encroachment confirmation policy (auto-generated summary). Confirm when at least 2 of the primary signals co-occur: sig_01 (cd_forest_to_farm_ha), sig_02 (cd_urbanization_ha), sig_03 (village_st_percent). Amplifying signals (do not alone confirm): sig_04 (cd_forest_to_farm_ha, cd_urbanization_ha). Follow-up variables for field evidence: fra_claims_filed_count, ntfp_collection_trend_qualita"
ntfp_forest_biodiversity__ntfp_decline__encroachment__008,Diagnosis of encroachment-driven NTFP decline should be confirmed by at least two signals: a measurable forest-to-farm conversion trend (sig_01) is the primary indicator; settlement expansion (sig_02) and high ST population with concurrent ,"Pathway encroachment confirmation policy (auto-generated summary). Confirm when at least 2 of the primary signals co-occur: sig_01 (cd_forest_to_farm_ha), sig_03 (village_st_percent), sig_04 (cd_forest_to_farm_ha, cd_urbanization_ha). Amplifying signals (do not alone confirm): sig_02 (cd_urbanization_ha). Follow-up variables for field evidence: fra_claims_filed_count, ntfp_collection_trend_qualita"
ntfp_forest_biodiversity__ntfp_decline__encroachment__009,Diagnosis of the encroachment pathway should be anchored on sig_01 (forest-to-farm conversion trend) as the primary confirmatory signal. Sig_02 (settlement expansion) and sig_03 (ST population share) serve as amplifying and contextualizing ,"Pathway encroachment confirmation policy (auto-generated summary). Confirm when at least one of the primary signals is TRUE: sig_01 (cd_forest_to_farm_ha), sig_04 (cd_forest_to_farm_ha, cd_urbanization_ha). Amplifying signals (do not alone confirm): sig_03 (village_st_percent)."
ntfp_forest_biodiversity__ntfp_decline__encroachment__010,Diagnosis of encroachment as the primary driver of NTFP decline should be anchored on sig_01 (forest-to-farm conversion trend) as the core confirmatory signal. Sig_02 (urbanization expansion) and sig_03 (high ST population) serve as amplify,"Pathway encroachment confirmation policy (auto-generated summary). Confirm when at least one of the primary signals is TRUE: sig_01 (cd_forest_to_farm_ha), sig_04 (cd_forest_to_farm_ha, village_st_percent). Additionally require at least one group: sig_01 (cd_forest_to_farm_ha); OR sig_04 (cd_forest_to_farm_ha, village_st_percent). Amplifying signals (do not alone confirm): sig_03 (village_st_perce"
ntfp_forest_biodiversity__ntfp_decline__encroachment__011,"Diagnosis of encroachment-driven NTFP decline should be confirmed by at least two signals: a measurable increase in forest-to-farm conversion (sig_01) is the primary indicator, ideally corroborated by settlement expansion (sig_02) or social","Pathway encroachment confirmation policy (auto-generated summary). Confirm when at least 2 of the primary signals co-occur: sig_01 (cd_forest_to_farm_ha), sig_02 (cd_urbanization_ha), sig_04 (cd_forest_to_farm_ha, cd_urbanization_ha)."
ntfp_forest_biodiversity__ntfp_decline__encroachment__012,Diagnosis of encroachment as the driver of NTFP decline in the Eastern Himalayas should be anchored in measurable forest-to-farm conversion (sig_01) as the primary signal. Settlement expansion (sig_02) and high ST population combined with c,"Pathway encroachment confirmation policy (auto-generated summary). Confirm when at least 2 of the primary signals co-occur: sig_01 (cd_forest_to_farm_ha), sig_02 (cd_urbanization_ha), sig_03 (village_st_percent), sig_04 (cd_forest_to_farm_ha, cd_urbanization_ha). Follow-up variables for field evidence: fra_claims_filed_count, ntfp_collection_trend_qualitative."
ntfp_forest_biodiversity__ntfp_decline__encroachment__013,"Diagnosis of encroachment-driven NTFP decline in AER-17 perhumid hill forests should be confirmed by at least two signals: measurable forest-to-farm conversion (sig_01) is the primary indicator, ideally corroborated by settlement expansion ","Pathway encroachment confirmation policy (auto-generated summary). Confirm when at least 2 of the primary signals co-occur: sig_01 (cd_forest_to_farm_ha), sig_02 (cd_urbanization_ha), sig_03 (village_st_percent). Follow-up variables for field evidence: fra_claims_filed_count, ntfp_collection_trend_qualitative."
ntfp_forest_biodiversity__ntfp_decline__encroachment__016,"Diagnosis of encroachment-driven NTFP decline in cold arid Himalayan contexts should be confirmed by at least two of the three primary signals: increasing forest-to-farm conversion (sig_01), expanding settlement footprint (sig_02), or the c","Pathway encroachment confirmation policy (auto-generated summary). Confirm when at least 2 of the primary signals co-occur: sig_01 (cd_forest_to_farm_ha), sig_02 (cd_urbanization_ha), sig_04 (cd_forest_to_farm_ha, cd_urbanization_ha). Amplifying signals (do not alone confirm): sig_03 (village_st_percent). Follow-up variables for field evidence: fra_claims_filed_count, forest_boundary_demarcation_s"
ntfp_forest_biodiversity__ntfp_decline__forest_degradation__001,"Diagnosis of forest degradation as the driver of NTFP decline should be confirmed by at least two of the three primary remote-sensing signals (sig_01, sig_02, sig_03). A declining forest area trend (sig_01) combined with a high deforestatio","Pathway forest_degradation confirmation policy (auto-generated summary). Confirm when at least 2 of the primary signals co-occur: sig_01 (lulc_tree_forest_ha), sig_02 (cd_total_deforestation_ha, cd_afforestation_ha), sig_03 (cd_total_deforestation_ha), sig_05 (ntfp_species_presence). Amplifying signals (do not alone confirm): sig_04 (organization_domains). Follow-up variables for field evidence: n"
ntfp_forest_biodiversity__ntfp_decline__forest_degradation__002,"Diagnosis of the forest degradation pathway for NTFP decline should be confirmed by at least two of the three primary remote sensing signals: net forest area decline (sig_01), deforestation-afforestation deficit (sig_02), or absolute defore","Pathway forest_degradation confirmation policy (auto-generated summary). Confirm when at least 2 of the primary signals co-occur: sig_01 (lulc_tree_forest_ha), sig_02 (cd_total_deforestation_ha, cd_afforestation_ha), sig_03 (cd_total_deforestation_ha). Amplifying signals (do not alone confirm): sig_04 (organization_domains). Follow-up variables for field evidence: ntfp_species_presence, forest_fir"
ntfp_forest_biodiversity__ntfp_decline__forest_degradation__003,"Diagnosis of NTFP decline via forest degradation in AER-9 plains should be confirmed by at least two of the three primary remote sensing signals: declining lulc_tree_forest_ha trend, net deforestation exceeding afforestation, or cumulative ","Pathway forest_degradation confirmation policy (auto-generated summary). Confirm when at least 2 of the primary signals co-occur: sig_01 (lulc_tree_forest_ha), sig_02 (cd_total_deforestation_ha, cd_afforestation_ha), sig_03 (cd_total_deforestation_ha). Amplifying signals (do not alone confirm): sig_04 (organization_domains), sig_06 (forest_patch_connectivity). Follow-up variables for field evidenc"
ntfp_forest_biodiversity__ntfp_decline__forest_degradation__004,"Diagnosis of forest degradation as the driver of NTFP decline in arid and semi-arid alluvial zones (AER-2, AER-4) should be confirmed by at least two of the three remote-sensing signals: declining lulc_tree_forest_ha trend (sig_01), high de","Pathway forest_degradation confirmation policy (auto-generated summary). Confirm when at least 2 of the primary signals co-occur: sig_01 (lulc_tree_forest_ha), sig_02 (cd_total_deforestation_ha, cd_afforestation_ha), sig_03 (cd_total_deforestation_ha). Amplifying signals (do not alone confirm): sig_04 (organization_domains). Follow-up variables for field evidence: ntfp_species_presence."
ntfp_forest_biodiversity__ntfp_decline__forest_degradation__005,"Diagnosis of the forest degradation pathway as the cause of NTFP decline in sub-humid Central Highlands (AER-10) should be confirmed by at least two of the three primary remote-sensing signals: declining lulc_tree_forest_ha trend (sig_01), ","Pathway forest_degradation confirmation policy (auto-generated summary). Confirm when at least 2 of the primary signals co-occur: sig_01 (lulc_tree_forest_ha), sig_02 (cd_total_deforestation_ha, cd_afforestation_ha), sig_03 (cd_total_deforestation_ha). Amplifying signals (do not alone confirm): sig_04 (organization_domains). Follow-up variables for field evidence: ntfp_species_presence."
ntfp_forest_biodiversity__ntfp_decline__forest_degradation__006,"Diagnosis of forest degradation as the driver of NTFP decline in coastal sub-humid plains should be confirmed by at least two of the three remote-sensing signals (sig_01, sig_02, sig_03). A declining forest area trend combined with net defo","Pathway forest_degradation confirmation policy (auto-generated summary). Confirm when at least 2 of the primary signals co-occur: sig_01 (lulc_tree_forest_ha), sig_02 (cd_total_deforestation_ha), sig_03 (cd_total_deforestation_ha, cd_afforestation_ha), sig_04 (ntfp_species_presence). Amplifying signals (do not alone confirm): sig_05 (organization_domains). Follow-up variables for field evidence: n"
ntfp_forest_biodiversity__ntfp_decline__forest_degradation__007,"Diagnosis of the forest degradation pathway as the cause of NTFP decline should be confirmed by at least two of the three remote-sensing signals (sig_01, sig_02, sig_03) showing net forest loss or a strongly negative deforestation-to-affore","Pathway forest_degradation confirmation policy (auto-generated summary). Confirm when at least 2 of the primary signals co-occur: sig_01 (lulc_tree_forest_ha), sig_02 (cd_total_deforestation_ha, cd_afforestation_ha), sig_03 (cd_total_deforestation_ha), sig_05 (ntfp_species_presence). Amplifying signals (do not alone confirm): sig_04 (organization_domains). Follow-up variables for field evidence: n"
ntfp_forest_biodiversity__ntfp_decline__forest_degradation__008,"Diagnosis of forest degradation as the driver of NTFP decline in the eastern plateau sub-humid zone (AER-11) should be confirmed by at least two of the three primary remote-sensing signals: declining lulc_tree_forest_ha trend, high cd_total","Pathway forest_degradation confirmation policy (auto-generated summary). Confirm when at least 2 of the primary signals co-occur: sig_01 (lulc_tree_forest_ha), sig_02 (cd_total_deforestation_ha, cd_afforestation_ha), sig_03 (cd_total_deforestation_ha), sig_05 (ntfp_species_presence). Amplifying signals (do not alone confirm): sig_04 (organization_domains), sig_06 (community_forest_governance_statu"
ntfp_forest_biodiversity__ntfp_decline__forest_degradation__009,"Diagnosis of NTFP decline via forest degradation in AER-13 alluvial plains should be confirmed by at least two of the three primary remote-sensing signals (sig_01, sig_02, sig_03) showing net forest loss and weak recovery. The absence of in","Pathway forest_degradation confirmation policy (auto-generated summary). Confirm when at least 2 of the primary signals co-occur: sig_01 (lulc_tree_forest_ha), sig_02 (cd_total_deforestation_ha, cd_afforestation_ha), sig_05 (ntfp_species_presence). Amplifying signals (do not alone confirm): sig_03 (cd_afforestation_ha), sig_04 (organization_domains). Follow-up variables for field evidence: ntfp_sp"
ntfp_forest_biodiversity__ntfp_decline__forest_degradation__010,"Diagnosis of forest degradation as the driver of NTFP decline in the humid plains of West Bengal, Assam and eastern Bihar should be confirmed by at least two of the three primary remote-sensing signals: declining forest area trend (sig_01),","Pathway forest_degradation confirmation policy (auto-generated summary). Confirm when at least 2 of the primary signals co-occur: sig_01 (lulc_tree_forest_ha), sig_02 (cd_total_deforestation_ha, cd_afforestation_ha), sig_03 (lulc_tree_forest_ha). Amplifying signals (do not alone confirm): sig_04 (organization_domains), sig_06 (community_forest_governance_status). Follow-up variables for field evid"
ntfp_forest_biodiversity__ntfp_decline__forest_degradation__011,"Diagnosis of the forest degradation pathway as the driver of NTFP decline should be confirmed by at least two of the three primary remote sensing signals: net forest cover loss (sig_01), deforestation exceeding afforestation (sig_02), or su","Pathway forest_degradation confirmation policy (auto-generated summary). Confirm when at least 2 of the primary signals co-occur: sig_01 (lulc_tree_forest_ha), sig_02 (cd_total_deforestation_ha, cd_afforestation_ha), sig_03 (cd_total_deforestation_ha). Amplifying signals (do not alone confirm): sig_04 (organization_domains). Follow-up variables for field evidence: ntfp_species_presence."
ntfp_forest_biodiversity__ntfp_decline__forest_degradation__012,"Diagnosis of forest degradation as the driver of NTFP decline in perhumid NE hill states should be confirmed by at least two of the three remote-sensing signals: declining lulc_tree_forest_ha trend, large deforestation-afforestation gap, or","Pathway forest_degradation confirmation policy (auto-generated summary). Confirm when at least 2 of the primary signals co-occur: sig_01 (lulc_tree_forest_ha), sig_02 (cd_total_deforestation_ha, cd_afforestation_ha), sig_03 (cd_total_deforestation_ha). Amplifying signals (do not alone confirm): sig_04 (organization_domains). Follow-up variables for field evidence: ntfp_species_presence."
ntfp_forest_biodiversity__ntfp_decline__forest_degradation__013,"Diagnosis of the forest_degradation pathway for NTFP decline in the perhumid North-Eastern Hills should be confirmed by at least two of the three primary remote-sensing signals: net forest cover loss (sig_01), high deforestation-to-afforest","Pathway forest_degradation confirmation policy (auto-generated summary). Confirm when at least 2 of the primary signals co-occur: sig_01 (lulc_tree_forest_ha), sig_02 (cd_total_deforestation_ha, cd_afforestation_ha), sig_03 (cd_total_deforestation_ha). Amplifying signals (do not alone confirm): sig_04 (organization_domains). Follow-up variables for field evidence: ntfp_species_presence."
ntfp_forest_biodiversity__ntfp_decline__forest_degradation__014,"Diagnosis of the forest_degradation pathway as the cause of NTFP decline should be confirmed by at least two of the three primary remote-sensing signals: net forest cover loss (sig_01), a large deforestation-to-afforestation deficit (sig_02","Pathway forest_degradation confirmation policy (auto-generated summary). Confirm when at least 2 of the primary signals co-occur: sig_01 (lulc_tree_forest_ha), sig_02 (cd_total_deforestation_ha, cd_afforestation_ha), sig_03 (cd_total_deforestation_ha). Amplifying signals (do not alone confirm): sig_04 (organization_domains). Follow-up variables for field evidence: ntfp_species_presence, forest_fir"
ntfp_forest_biodiversity__ntfp_decline__forest_degradation__015,"NTFP decline through forest degradation in the humid West Coast ecoregion (AER-19) should be confirmed by at least two primary signals: net forest cover loss (sig_01), a deforestation-afforestation deficit (sig_02), or significant cumulativ","Pathway forest_degradation confirmation policy (auto-generated summary). Confirm when at least 2 of the primary signals co-occur: sig_01 (lulc_tree_forest_ha), sig_02 (cd_total_deforestation_ha, cd_afforestation_ha), sig_03 (cd_total_deforestation_ha), sig_04 (ntfp_species_presence). Amplifying signals (do not alone confirm): sig_05 (organization_domains). Follow-up variables for field evidence: n"
ntfp_forest_biodiversity__ntfp_decline__forest_degradation__016,"Diagnosis of the forest_degradation pathway for NTFP decline in the cold arid Himalayan zone (Ladakh, AER-1) should be confirmed by at least two of the three primary structural signals: declining forest area (sig_01), net deforestation exce","Pathway forest_degradation confirmation policy (auto-generated summary). Confirm when at least 2 of the primary signals co-occur: sig_01 (lulc_tree_forest_ha), sig_02 (cd_total_deforestation_ha, cd_afforestation_ha), sig_03 (cd_total_deforestation_ha). Amplifying signals (do not alone confirm): sig_04 (organization_domains). Follow-up variables for field evidence: ntfp_species_presence."
ntfp_forest_biodiversity__ntfp_decline__forest_degradation__017,"Diagnosis of forest degradation as the driver of NTFP decline in Andaman & Nicobar and Lakshadweep island contexts should be confirmed by at least two of the three primary forest cover signals (sig_01, sig_02, sig_03). The island context is","Pathway forest_degradation confirmation policy (auto-generated summary). Confirm when at least 2 of the primary signals co-occur: sig_01 (lulc_tree_forest_ha), sig_02 (cd_total_deforestation_ha, cd_afforestation_ha), sig_03 (cd_total_deforestation_ha), sig_05 (ntfp_species_presence). Amplifying signals (do not alone confirm): sig_04 (organization_domains). Follow-up variables for field evidence: n"
socio_economic__economic_hardship__multi_sector_vulnerability__001,"Economic hardship in semi-arid Deccan Plateau villages is confirmed when at least three of the four quantitative signals co-occur: recurring severe drought (sig_01), social marginalisation of SC/ST households or low literacy (sig_02), finan","Pathway multi_sector_vulnerability confirmation policy (auto-generated summary). Confirm when at least 3 of the primary signals co-occur: sig_01 (drought_weeks_severe), sig_02 (village_sc_percent, village_st_percent, village_literacy_rate), sig_03 (dist_bank_km). Amplifying signals (do not alone confirm): sig_04 (nrega_swc_count). Follow-up variables for field evidence: migrant_household_percent, "
socio_economic__economic_hardship__multi_sector_vulnerability__002,"Economic hardship through multi-sector vulnerability in semi-arid hard rock plateau zones is confirmed when at least three of the four available signals are positive: high SC/ST concentration with financial exclusion (sig_01+sig_02), recurr","Pathway multi_sector_vulnerability confirmation policy (auto-generated summary). Confirm when at least 3 of the primary signals co-occur: sig_01 (village_sc_percent, village_st_percent), sig_02 (village_literacy_rate, dist_bank_km), sig_03 (drought_weeks_severe). Amplifying signals (do not alone confirm): sig_04 (nrega_swc_count). Follow-up variables for field evidence: migrant_household_percent, "
socio_economic__economic_hardship__multi_sector_vulnerability__003,"Economic hardship through multi-sector vulnerability in AER-9's sub-humid alluvial plains is confirmed when at least two of the three primary signals co-occur: (1) high SC/ST proportion combined with low literacy (sig_01), (2) poor banking ","Pathway multi_sector_vulnerability confirmation policy (auto-generated summary). Confirm when at least 2 of the primary signals co-occur: sig_01 (village_sc_percent, village_st_percent, village_literacy_rate), sig_02 (dist_bank_km), sig_03 (drought_weeks_severe). Amplifying signals (do not alone confirm): sig_04 (nrega_swc_count). Follow-up variables for field evidence: migrant_household_percent, "
socio_economic__economic_hardship__multi_sector_vulnerability__004,"Economic hardship in arid and semi-arid alluvial zones of Rajasthan, Kachchh, and Haryana is best confirmed when at least three of the four signals are active: high SC/ST share (sig_01), low literacy (sig_02), remote banking (sig_03), and c","Pathway multi_sector_vulnerability confirmation policy (auto-generated summary). Confirm when at least 3 of the primary signals co-occur: sig_01 (village_sc_percent, village_st_percent), sig_03 (dist_bank_km), sig_04 (drought_weeks_severe, nrega_swc_count). Amplifying signals (do not alone confirm): sig_02 (village_literacy_rate). Follow-up variables for field evidence: migrant_household_percent, "
socio_economic__economic_hardship__multi_sector_vulnerability__005,"Economic hardship in AER-10 (Central Highlands) is confirmed when at least two of the three primary signals co-occur: high SC/ST proportion (sig_01), severe recurring drought (sig_04), and financial exclusion via bank distance (sig_03). Low","Pathway multi_sector_vulnerability confirmation policy (auto-generated summary). Confirm when at least 2 of the primary signals co-occur: sig_01 (village_sc_percent, village_st_percent), sig_03 (dist_bank_km), sig_04 (drought_weeks_severe). Amplifying signals (do not alone confirm): sig_02 (village_literacy_rate), sig_05 (nrega_swc_count). Follow-up variables for field evidence: migrant_household_"
socio_economic__economic_hardship__multi_sector_vulnerability__006,"Economic hardship in coastal sub-humid and semi-arid plains of Tamil Nadu, Andhra Pradesh, and Odisha is best confirmed when at least three of the five diagnostic signals are present simultaneously: high marginalised population share (sig_0","Pathway multi_sector_vulnerability confirmation policy (auto-generated summary). Confirm when at least 3 of the primary signals co-occur: sig_01 (village_sc_percent, village_st_percent), sig_03 (dist_bank_km), sig_04 (drought_weeks_severe). Amplifying signals (do not alone confirm): sig_02 (village_literacy_rate), sig_05 (nrega_swc_count). Follow-up variables for field evidence: migrant_household_"
socio_economic__economic_hardship__multi_sector_vulnerability__007,"Economic hardship in the Chhota Nagpur Plateau and Eastern Ghats context is best confirmed when at least three of the four available signals co-occur: high SC/ST proportion (sig_01), low literacy (sig_02), high bank distance (sig_03), and t","Pathway multi_sector_vulnerability confirmation policy (auto-generated summary). Confirm when at least 3 of the primary signals co-occur: sig_01 (village_st_percent, village_sc_percent), sig_03 (dist_bank_km), sig_04 (drought_weeks_severe, nrega_swc_count). Amplifying signals (do not alone confirm): sig_02 (village_literacy_rate). Follow-up variables for field evidence: migrant_household_percent, "
socio_economic__economic_hardship__multi_sector_vulnerability__008,"Economic hardship in the eastern plateau sub-humid zone (AER-11) is best confirmed when at least three of the five signals are present: high SC/ST proportion (sig_01), financial exclusion via low literacy and remote banking (sig_02), recurr","Pathway multi_sector_vulnerability confirmation policy (auto-generated summary). Confirm when at least 3 of the primary signals co-occur: sig_01 (village_st_percent, village_sc_percent), sig_02 (village_literacy_rate, dist_bank_km), sig_03 (drought_weeks_severe). Amplifying signals (do not alone confirm): sig_04 (nrega_swc_count). Follow-up variables for field evidence: migrant_household_percent, "
socio_economic__economic_hardship__multi_sector_vulnerability__009,"Economic hardship in eastern UP and northern Bihar alluvial plains is typically a cross-cutting outcome rather than a single-sector failure. Diagnosis should seek convergence of at least three signals: high SC/ST concentration (sig_01), low","Pathway multi_sector_vulnerability confirmation policy (auto-generated summary). Confirm when at least 3 of the primary signals co-occur: sig_01 (village_sc_percent, village_st_percent), sig_03 (dist_bank_km), sig_04 (drought_weeks_severe, nrega_swc_count). Amplifying signals (do not alone confirm): sig_02 (village_literacy_rate). Follow-up variables for field evidence: migrant_household_percent, "
socio_economic__economic_hardship__multi_sector_vulnerability__010,"Diagnosis of multi-sector vulnerability as the causal pathway for economic hardship requires co-occurrence of at least three signals: a structural exclusion signal (sig_01 or sig_02), a financial access barrier (sig_03), and either a safety","Pathway multi_sector_vulnerability confirmation policy (auto-generated summary). Confirm when at least 3 of the primary signals co-occur: sig_01 (village_sc_percent, village_st_percent), sig_03 (dist_bank_km), sig_05 (drought_weeks_severe). Amplifying signals (do not alone confirm): sig_02 (village_literacy_rate), sig_04 (nrega_swc_count). Follow-up variables for field evidence: migrant_household_"
socio_economic__economic_hardship__multi_sector_vulnerability__012,"Economic hardship in NE hill perhumid contexts is best confirmed when at least three of the five signals are active: high ST/SC share (sig_01), low literacy (sig_02), remote banking (sig_03), low MGNREGA coverage (sig_04), and recurring sev","Pathway multi_sector_vulnerability confirmation policy (auto-generated summary). Confirm when at least 3 of the primary signals co-occur: sig_01 (village_st_percent, village_sc_percent), sig_03 (dist_bank_km), sig_05 (drought_weeks_severe). Amplifying signals (do not alone confirm): sig_02 (village_literacy_rate), sig_04 (nrega_swc_count). Follow-up variables for field evidence: migrant_household_"
socio_economic__economic_hardship__multi_sector_vulnerability__013,"Economic hardship in the NE Hills perhumid context is confirmed when at least three of the five signals are positive: high ST/SC proportion (sig_01), financial exclusion via bank distance (sig_02), low literacy (sig_03), low MGNREGA coverag","Pathway multi_sector_vulnerability confirmation policy (auto-generated summary). Confirm when at least 3 of the primary signals co-occur: sig_01 (village_st_percent, village_sc_percent), sig_02 (dist_bank_km), sig_05 (drought_weeks_severe). Amplifying signals (do not alone confirm): sig_03 (village_literacy_rate), sig_04 (nrega_swc_count). Follow-up variables for field evidence: migrant_household_"
socio_economic__economic_hardship__multi_sector_vulnerability__014,"Economic hardship in semi-arid Malwa and Gujarat plains is best diagnosed when at least three of the four signals are active: high SC/ST proportion with limited asset base (sig_01), dual exclusion from literacy and formal banking (sig_02), ","Pathway multi_sector_vulnerability confirmation policy (auto-generated summary). Confirm when at least 3 of the primary signals co-occur: sig_01 (village_sc_percent, village_st_percent), sig_02 (village_literacy_rate, dist_bank_km), sig_03 (drought_weeks_severe). Amplifying signals (do not alone confirm): sig_04 (nrega_swc_count). Follow-up variables for field evidence: migrant_household_percent, "
socio_economic__economic_hardship__multi_sector_vulnerability__016,"Economic hardship in the Ladakh cold arid context arises from the convergence of structural social vulnerability (high SC/ST share, low literacy), financial exclusion (remote banking), and recurring production shocks (severe drought with mi","Pathway multi_sector_vulnerability confirmation policy (auto-generated summary). Confirm when at least 3 of the primary signals co-occur: sig_01 (village_st_percent, village_sc_percent), sig_03 (dist_bank_km), sig_04 (drought_weeks_severe, nrega_swc_count), sig_05 (migrant_household_percent), sig_06 (household_income_inr). Amplifying signals (do not alone confirm): sig_02 (village_literacy_rate). "
socio_economic__economic_hardship__multi_sector_vulnerability__017,"Economic hardship in Andaman & Nicobar and Lakshadweep island contexts arises from the convergence of structural social vulnerability (high SC/ST proportion, low literacy), financial exclusion (remote banking), production system fragility (","Pathway multi_sector_vulnerability confirmation policy (auto-generated summary). Confirm when at least 2 of the primary signals co-occur: sig_01 (village_st_percent, village_sc_percent), sig_03 (dist_bank_km), sig_04 (drought_weeks_severe, nrega_swc_count). Amplifying signals (do not alone confirm): sig_02 (village_literacy_rate). Follow-up variables for field evidence: migrant_household_percent, "
socio_economic__low_income__small_landholding__001,"Confirm this pathway when at least two of sig_01 (low per-capita cropland), sig_02 (low cropping intensity), and sig_03 (poor market access) are triggered simultaneously. sig_04 (weak safety net and absent diversification support) amplifies","Pathway small_landholding confirmation policy (auto-generated summary). Confirm when at least 2 of the primary signals co-occur: sig_01 (lulc_cropland_ha, village_total_population), sig_02 (mean_cropping_intensity), sig_05 (landholding_size_distribution). Amplifying signals (do not alone confirm): sig_03 (dist_apmc_km, dist_dairy_km), sig_04 (nrega_community_assets_count, organization_domains), si"
socio_economic__low_income__small_landholding__002,Diagnosis of the small_landholding pathway as the cause of low income requires at least two confirming signals: low per-capita cropland (sig_01) and low cropping intensity (sig_02) together establish that the household has neither the land ,"Pathway small_landholding confirmation policy (auto-generated summary). Confirm when at least 2 of the primary signals co-occur: sig_01 (lulc_cropland_ha, village_total_population), sig_02 (mean_cropping_intensity, lulc_cropland_ha). Amplifying signals (do not alone confirm): sig_03 (dist_apmc_km), sig_04 (dist_dairy_km, organization_domains, nrega_community_assets_count), sig_06 (market_price_cro"
socio_economic__low_income__small_landholding__003,"Diagnosis of low income via the small-landholding pathway in AER-9 (sub-humid alluvial plains) should be confirmed by at least two of the three primary signals: low per-capita cropland ratio (sig_01), low cropping intensity on small holding","Pathway small_landholding confirmation policy (auto-generated summary). Confirm when at least 2 of the primary signals co-occur: sig_01 (lulc_cropland_ha, village_total_population), sig_02 (cropping_intensity). Amplifying signals (do not alone confirm): sig_03 (dist_apmc_km), sig_04 (dist_dairy_km, organization_domains, nrega_community_assets_count), sig_06 (market_price_crop). Follow-up variables"
socio_economic__low_income__small_landholding__004,"Diagnosis of the small_landholding pathway as the primary driver of low_income in arid and semi-arid alluvial zones should be confirmed by at least two of the three primary signals: low per-capita cropland ratio (sig_01), persistently low c","Pathway small_landholding confirmation policy (auto-generated summary). Confirm when at least 2 of the primary signals co-occur: sig_01 (lulc_cropland_ha, village_total_population), sig_02 (mean_cropping_intensity, cropping_intensity). Amplifying signals (do not alone confirm): sig_03 (dist_apmc_km, dist_dairy_km), sig_04 (nrega_community_assets_count, organization_domains), sig_06 (market_price_c"
socio_economic__low_income__small_landholding__005,Diagnosis of low income driven by small landholding requires convergence of at least two primary signals: low per-capita cropland (sig_01) and low cropping intensity (sig_02). These confirm that the productive base is structurally insuffici,"Pathway small_landholding confirmation policy (auto-generated summary). Confirm when at least 2 of the primary signals co-occur: sig_01 (lulc_cropland_ha, village_total_population), sig_02 (cropping_intensity). Amplifying signals (do not alone confirm): sig_03 (dist_apmc_km), sig_04 (dist_dairy_km, organization_domains, nrega_community_assets_count), sig_06 (market_price_crop). Follow-up variables"
socio_economic__low_income__small_landholding__006,"Diagnosis of low income driven by small landholding in coastal sub-humid plains should be confirmed by at least two of the three primary signals: low per-capita cropland (sig_01), low cropping intensity combined with small land base (sig_02","Pathway small_landholding confirmation policy (auto-generated summary). Confirm when at least 2 of the primary signals co-occur: sig_01 (lulc_cropland_ha, village_total_population), sig_02 (mean_cropping_intensity, lulc_cropland_ha, village_total_population). Amplifying signals (do not alone confirm): sig_03 (dist_apmc_km, dist_dairy_km), sig_04 (nrega_community_assets_count, organization_domains)"
socio_economic__low_income__small_landholding__008,"Diagnosis of the small landholding pathway in AER-11 (eastern plateau, sub-humid, hard rock) should be confirmed by at least two of the three primary signals: low per-capita cropland ratio (sig_01), persistently low cropping intensity (sig_","Pathway small_landholding confirmation policy (auto-generated summary). Confirm when at least 2 of the primary signals co-occur: sig_01 (lulc_cropland_ha, village_total_population), sig_02 (cropping_intensity), sig_03 (dist_apmc_km, dist_dairy_km). Amplifying signals (do not alone confirm): sig_04 (organization_domains, nrega_community_assets_count), sig_07 (market_price_crop). Follow-up variables"
socio_economic__low_income__small_landholding__009,"Diagnosis of low income driven by small landholding requires at least two of the three primary signals to be active: low per-capita cropland ratio (sig_01), low cropping intensity (sig_02), or the composite diversification absence signal (s","Pathway small_landholding confirmation policy (auto-generated summary). Confirm when at least 2 of the primary signals co-occur: sig_01 (lulc_cropland_ha, village_total_population), sig_04 (dist_dairy_km, organization_domains, nrega_community_assets_count). Amplifying signals (do not alone confirm): sig_02 (cropping_intensity), sig_03 (dist_apmc_km), sig_07 (market_price_crop). Follow-up variables"
socio_economic__low_income__small_landholding__010,Diagnosis of low income driven by small landholding in the Bengal-Assam alluvial plains requires convergence of at least two primary signals: low per-capita cropland (sig_01) and suppressed cropping intensity relative to agro-climatic poten,"Pathway small_landholding confirmation policy (auto-generated summary). Confirm when at least 2 of the primary signals co-occur: sig_01 (lulc_cropland_ha, village_total_population), sig_02 (cropping_intensity). Amplifying signals (do not alone confirm): sig_03 (dist_apmc_km), sig_04 (nrega_community_assets_count, organization_domains), sig_05 (dist_dairy_km), sig_07 (market_price_crop). Follow-up "
socio_economic__low_income__small_landholding__011,"Diagnosis of the small landholding pathway as the primary driver of low income in AER-14 hilly sub-humid terrain requires convergence of at least two primary signals: low per-capita cropland (sig_01) and low cropping intensity (sig_02), ide","Pathway small_landholding confirmation policy (auto-generated summary). Confirm when at least 2 of the primary signals co-occur: sig_01 (lulc_cropland_ha, village_total_population), sig_02 (cropping_intensity), sig_03 (dist_apmc_km, dist_dairy_km). Amplifying signals (do not alone confirm): sig_04 (nrega_community_assets_count, organization_domains), sig_07 (market_price_crop). Follow-up variables"
socio_economic__low_income__small_landholding__012,Diagnosis of the small_landholding pathway as the cause of low_income in perhumid NE hill states should be confirmed by at least two primary signals: low per-capita cropland (sig_01) and either low cropping intensity (sig_02) or high market,"Pathway small_landholding confirmation policy (auto-generated summary). Confirm when at least 2 of the primary signals co-occur: sig_01 (lulc_cropland_ha, village_total_population), sig_05 (landholding_size_distribution), sig_07 (market_price_crop). Required: sig_01 (lulc_cropland_ha, village_total_population) must be TRUE. Amplifying signals (do not alone confirm): sig_02 (cropping_intensity), si"
socio_economic__low_income__small_landholding__013,Diagnosis of the small_landholding pathway as the driver of low_income in AER-17 perhumid hilly terrain requires convergence of at least two primary signals: low per-capita cropland (sig_01) and low or stagnant cropping intensity (sig_02). ,"Pathway small_landholding confirmation policy (auto-generated summary). Confirm when at least 2 of the primary signals co-occur: sig_01 (lulc_cropland_ha, village_total_population), sig_02 (mean_cropping_intensity, cropping_intensity). Amplifying signals (do not alone confirm): sig_04 (nrega_community_assets_count, organization_domains), sig_06 (market_price_crop). Follow-up variables for field ev"
socio_economic__low_income__small_landholding__014,"Diagnosis of the small_landholding pathway as driver of low_income in semi-arid Malwa and Gujarat should be confirmed by at least two of the three primary signals: low per-capita cropland (sig_01), low cropping intensity (sig_02), and remot","Pathway small_landholding confirmation policy (auto-generated summary). Confirm when at least 2 of the primary signals co-occur: sig_01 (lulc_cropland_ha, village_total_population), sig_05 (landholding_size_distribution). Amplifying signals (do not alone confirm): sig_02 (cropping_intensity), sig_03 (dist_apmc_km, dist_dairy_km), sig_04 (organization_domains, nrega_community_assets_count), sig_07 "
socio_economic__low_income__small_landholding__016,"In the cold arid Ladakh context, the small landholding pathway to low income operates through three compounding mechanisms: (1) absolute land scarcity on valley floors limits total production volume, (2) a short frost-free season prevents d","Pathway small_landholding confirmation policy (auto-generated summary). Confirm when at least 2 of the primary signals co-occur: sig_01 (lulc_cropland_ha, village_total_population), sig_02 (cropping_intensity). Amplifying signals (do not alone confirm): sig_03 (dist_apmc_km), sig_04 (nrega_community_assets_count, organization_domains), sig_05 (dist_dairy_km), sig_07 (market_price_crop). Follow-up "
